{
    "last_flip_timestamp": 0.0,
    "run_id": null,
    "safety_state": "normal",
    "safe_mode_reason": null,
    "safe_mode_entered_at": null,
    "pending_actions": {
        "ETH-USDT_-15_1771141500_live_f81e29": {
            "status": "filled",
            "target_position": -0.15,
            "created_at": 1771141571.335166,
            "completed_at": 1771141577.238427,
            "fill_price": 2089.34
        },
        "ETH-USDT_15_1771955400_live_36e0d3": {
            "status": "filled",
            "target_position": 0.15,
            "created_at": 1771955485.278682,
            "completed_at": 1771955496.486275,
            "fill_price": 1851.19
        },
        "ETH-USDT_17_1772064000_live_878b32": {
            "status": "filled",
            "target_position": 0.16927949082677732,
            "created_at": 1772064019.957453,
            "completed_at": 1772064026.6065128,
            "fill_price": 2055.55
        },
        "ETH-USDT_31_1772150400_live_43d515": {
            "status": "filled",
            "target_position": 0.3138804546184354,
            "created_at": 1772150416.500399,
            "completed_at": 1772150422.980139,
            "fill_price": 2025.88
        },
        "ETH-USDT_45_1772430300_live_7924b1": {
            "status": "filled",
            "target_position": 0.4533519808926516,
            "created_at": 1772430526.180779,
            "completed_at": 1772430532.152162,
            "fill_price": 1976.0
        },
        "ETH-USDT_31_1772496000_live_e1cf1c": {
            "status": "filled",
            "target_position": 0.3057305384250536,
            "created_at": 1772496014.665136,
            "completed_at": 1772496021.234244,
            "fill_price": 2026.89
        },
        "ETH-USDT_46_1772755200_live_c8e361": {
            "status": "filled",
            "target_position": 0.46242664525972765,
            "created_at": 1772755222.8556612,
            "completed_at": 1772755229.438464,
            "fill_price": 2071.66
        },
        "ETH-USDT_29_1772961900_live_c0365e": {
            "status": "filled",
            "target_position": 0.2922196688300627,
            "created_at": 1772962099.350432,
            "completed_at": 1772962106.623966,
            "fill_price": 1966.4
        },
        "ETH-USDT_45_1773276000_live_810e69": {
            "status": "filled",
            "target_position": 0.4515655948129287,
            "created_at": 1773276183.980047,
            "completed_at": 1773276191.4900339,
            "fill_price": 2054.72
        }
    },
    "order_state": {
        "current_order_id": null,
        "state": "idle",
        "action_id": null,
        "created_at": null,
        "target_position": 0.4515655948129287
    },
    "last_reconcile": {
        "timestamp": 1773276183.976846,
        "is_consistent": true,
        "exchange_pos": 0.30156559481292866,
        "local_pos": 0.2922196688300627,
        "summary": "OK"
    },
    "health": {
        "api_fail_count": 0,
        "last_api_success": 1773276191.4930649,
        "last_clock_check": 1773276183.604977,
        "clock_drift": 0.07497216796875
    },
    "local_position": 0.4515655948129287
}