{
  "manifest_path": "crypto_trader/configs/moe_experts.yaml",
  "stage1_root": "checkpoints/moe/stage3_full_20260216_strict_v3_t16/round2/experts",
  "load_balance_coef": 0.02,
  "diversity_coef": 0.01,
  "gate_temperature": 1.6,
  "total_timesteps": 80000,
  "usage_ema": [
    0.10133340954780579,
    0.16656795144081116,
    0.11854974180459976,
    0.17228665947914124,
    0.13689970970153809,
    0.10650311410427094,
    0.08975152671337128,
    0.10810878127813339
  ],
  "expert_ids": [
    "E1_PPO_trend_return",
    "E2_PPO_bear_drawdown",
    "E3_PPO_range_calmar",
    "E4_PPO_highvol_risk",
    "E5_PPO_lowvol_carry",
    "E6_SAC_tail_hedge",
    "E7_SAC_fast_adapt",
    "E8_A2C_regime_switch"
  ]
}